[{"pk": 5, "model": "contenttypes.contenttype", "fields": {"model": "contenttype", "name": "content type", "app_label": "contenttypes"}}, {"pk": 16, "model": "contenttypes.contenttype", "fields": {"model": "event", "name": "event", "app_label": "events"}}, {"pk": 14, "model": "contenttypes.contenttype", "fields": {"model": "eventtype", "name": "event type", "app_label": "events"}}, {"pk": 2, "model": "contenttypes.contenttype", "fields": {"model": "group", "name": "group", "app_label": "auth"}}, {"pk": 9, "model": "contenttypes.contenttype", "fields": {"model": "level", "name": "level", "app_label": "riders"}}, {"pk": 8, "model": "contenttypes.contenttype", "fields": {"model": "logentry", "name": "log entry", "app_label": "admin"}}, {"pk": 4, "model": "contenttypes.contenttype", "fields": {"model": "message", "name": "message", "app_label": "auth"}}, {"pk": 1, "model": "contenttypes.contenttype", "fields": {"model": "permission", "name": "permission", "app_label": "auth"}}, {"pk": 13, "model": "contenttypes.contenttype", "fields": {"model": "photo", "name": "photo", "app_label": "riders"}}, {"pk": 15, "model": "contenttypes.contenttype", "fields": {"model": "photo", "name": "photo", "app_label": "events"}}, {"pk": 11, "model": "contenttypes.contenttype", "fields": {"model": "rider", "name": "rider", "app_label": "riders"}}, {"pk": 12, "model": "contenttypes.contenttype", "fields": {"model": "riderseason", "name": "rider season", "app_label": "riders"}}, {"pk": 18, "model": "contenttypes.contenttype", "fields": {"model": "school", "name": "school", "app_label": "schools"}}, {"pk": 17, "model": "contenttypes.contenttype", "fields": {"model": "season", "name": "season", "app_label": "schools"}}, {"pk": 6, "model": "contenttypes.contenttype", "fields": {"model": "session", "name": "session", "app_label": "sessions"}}, {"pk": 7, "model": "contenttypes.contenttype", "fields": {"model": "site", "name": "site", "app_label": "sites"}}, {"pk": 3, "model": "contenttypes.contenttype", "fields": {"model": "user", "name": "user", "app_label": "auth"}}, {"pk": 10, "model": "contenttypes.contenttype", "fields": {"model": "year", "name": "year", "app_label": "riders"}}, {"pk": "e8bcfffed41230452c8b9e69ebefbe72", "model": "sessions.session", "fields": {"expire_date": "2011-12-06 14:46:16", "session_data": "MjhmNjZhNzAzOTZkN2EwMGNmYjE5ZjA1YjcyNTU1YmZmOWExNWI3MTqAAn1xAShVEl9hdXRoX3Vz\nZXJfYmFja2VuZHECVSlkamFuZ28uY29udHJpYi5hdXRoLmJhY2tlbmRzLk1vZGVsQmFja2VuZHED\nVQ1fYXV0aF91c2VyX2lkcQRLAXUu\n"}}, {"pk": 1, "model": "sites.site", "fields": {"domain": "example.com", "name": "example.com"}}, {"pk": 150, "model": "admin.logentry", "fields": {"action_flag": 1, "action_time": "2011-12-01 18:52:39", "object_repr": "Jana Marquard: 2010-2011", "object_id": "45", "change_message": "", "user": 1, "content_type": 12}}, {"pk": 149, "model": "admin.logentry", "fields": {"action_flag": 1, "action_time": "2011-12-01 18:52:13", "object_repr": "jana-marquard", "object_id": "44", "change_message": "", "user": 1, "content_type": 11}}, {"pk": 148, "model": "admin.logentry", "fields": {"action_flag": 1, "action_time": "2011-12-01 18:51:20", "object_repr": "McCabe Jones: 2010-2011", "object_id": "44", "change_message": "", "user": 1, "content_type": 12}}, {"pk": 147, "model": "admin.logentry", "fields": {"action_flag": 1, "action_time": "2011-12-01 18:50:21", "object_repr": "mccabe-jones", "object_id": "43", "change_message": "", "user": 1, "content_type": 11}}, {"pk": 146, "model": "admin.logentry", "fields": {"action_flag": 1, "action_time": "2011-12-01 18:47:29", "object_repr": "Sarah Lehn: 2010-2011", "object_id": "43", "change_message": "", "user": 1, "content_type": 12}}, {"pk": 145, "model": "admin.logentry", "fields": {"action_flag": 1, "action_time": "2011-12-01 18:46:58", "object_repr": "sarah-lehn", "object_id": "42", "change_message": "", "user": 1, "content_type": 11}}, {"pk": 144, "model": "admin.logentry", "fields": {"action_flag": 1, "action_time": "2011-12-01 18:46:37", "object_repr": "Kristen Hamer: 2010-2011", "object_id": "42", "change_message": "", "user": 1, "content_type": 12}}, {"pk": 143, "model": "admin.logentry", "fields": {"action_flag": 1, "action_time": "2011-12-01 18:45:46", "object_repr": "kristen-hamer", "object_id": "41", "change_message": "", "user": 1, "content_type": 11}}, {"pk": 142, "model": "admin.logentry", "fields": {"action_flag": 1, "action_time": "2011-12-01 18:45:10", "object_repr": "Sarah Ehlers: 2010-2011", "object_id": "41", "change_message": "", "user": 1, "content_type": 12}}, {"pk": 141, "model": "admin.logentry", "fields": {"action_flag": 1, "action_time": "2011-12-01 18:44:18", "object_repr": "sarah-ehlers", "object_id": "40", "change_message": "", "user": 1, "content_type": 11}}, {"pk": 140, "model": "admin.logentry", "fields": {"action_flag": 1, "action_time": "2011-12-01 18:43:49", "object_repr": "Rachel Dunetts: 2010-2011", "object_id": "40", "change_message": "", "user": 1, "content_type": 12}}, {"pk": 139, "model": "admin.logentry", "fields": {"action_flag": 1, "action_time": "2011-12-01 18:43:12", "object_repr": "rachel-dunetts", "object_id": "39", "change_message": "", "user": 1, "content_type": 11}}, {"pk": 138, "model": "admin.logentry", "fields": {"action_flag": 1, "action_time": "2011-12-01 18:41:41", "object_repr": "Jacob Nelson: 2010-2011", "object_id": "39", "change_message": "", "user": 1, "content_type": 12}}, {"pk": 137, "model": "admin.logentry", "fields": {"action_flag": 1, "action_time": "2011-12-01 18:41:25", "object_repr": "jacob-nelson", "object_id": "38", "change_message": "", "user": 1, "content_type": 11}}, {"pk": 136, "model": "admin.logentry", "fields": {"action_flag": 1, "action_time": "2011-12-01 18:40:43", "object_repr": "Emily Bartel: 2010-2011", "object_id": "38", "change_message": "", "user": 1, "content_type": 12}}, {"pk": 135, "model": "admin.logentry", "fields": {"action_flag": 1, "action_time": "2011-12-01 18:40:23", "object_repr": "emily-bartel", "object_id": "37", "change_message": "", "user": 1, "content_type": 11}}, {"pk": 134, "model": "admin.logentry", "fields": {"action_flag": 1, "action_time": "2011-12-01 18:39:58", "object_repr": "Caitlyn Valdez: 2010-2011", "object_id": "37", "change_message": "", "user": 1, "content_type": 12}}, {"pk": 133, "model": "admin.logentry", "fields": {"action_flag": 1, "action_time": "2011-12-01 18:39:28", "object_repr": "caitlyn-valdez", "object_id": "36", "change_message": "", "user": 1, "content_type": 11}}, {"pk": 132, "model": "admin.logentry", "fields": {"action_flag": 1, "action_time": "2011-12-01 18:37:42", "object_repr": "Maria Tuma: 2010-2011", "object_id": "36", "change_message": "", "user": 1, "content_type": 12}}, {"pk": 131, "model": "admin.logentry", "fields": {"action_flag": 1, "action_time": "2011-12-01 18:37:10", "object_repr": "maria-tuma", "object_id": "35", "change_message": "", "user": 1, "content_type": 11}}, {"pk": 130, "model": "admin.logentry", "fields": {"action_flag": 2, "action_time": "2011-12-01 18:36:06", "object_repr": "Michelle Bruce: 2010-2011", "object_id": "35", "change_message": "Changed level.", "user": 1, "content_type": 12}}, {"pk": 129, "model": "admin.logentry", "fields": {"action_flag": 1, "action_time": "2011-12-01 18:35:40", "object_repr": "Michelle Bruce: 2010-2011", "object_id": "35", "change_message": "", "user": 1, "content_type": 12}}, {"pk": 128, "model": "admin.logentry", "fields": {"action_flag": 1, "action_time": "2011-12-01 18:35:15", "object_repr": "michelle-bruce", "object_id": "34", "change_message": "", "user": 1, "content_type": 11}}, {"pk": 127, "model": "admin.logentry", "fields": {"action_flag": 2, "action_time": "2011-12-01 18:34:41", "object_repr": "Brian Kuntz: 2010-2011", "object_id": "34", "change_message": "Changed level.", "user": 1, "content_type": 12}}, {"pk": 126, "model": "admin.logentry", "fields": {"action_flag": 1, "action_time": "2011-12-01 18:34:15", "object_repr": "Brian Kuntz: 2010-2011", "object_id": "34", "change_message": "", "user": 1, "content_type": 12}}, {"pk": 125, "model": "admin.logentry", "fields": {"action_flag": 1, "action_time": "2011-12-01 18:33:44", "object_repr": "brian-kuntz", "object_id": "33", "change_message": "", "user": 1, "content_type": 11}}, {"pk": 124, "model": "admin.logentry", "fields": {"action_flag": 1, "action_time": "2011-12-01 18:32:04", "object_repr": "Jessica Schultz: 2010-2011", "object_id": "33", "change_message": "", "user": 1, "content_type": 12}}, {"pk": 123, "model": "admin.logentry", "fields": {"action_flag": 1, "action_time": "2011-12-01 18:31:07", "object_repr": "jessica-schultz", "object_id": "32", "change_message": "", "user": 1, "content_type": 11}}, {"pk": 122, "model": "admin.logentry", "fields": {"action_flag": 1, "action_time": "2011-12-01 18:28:32", "object_repr": "Natalie Fry: 2010-2011", "object_id": "32", "change_message": "", "user": 1, "content_type": 12}}, {"pk": 121, "model": "admin.logentry", "fields": {"action_flag": 1, "action_time": "2011-12-01 18:28:08", "object_repr": "natalie-fry", "object_id": "31", "change_message": "", "user": 1, "content_type": 11}}, {"pk": 120, "model": "admin.logentry", "fields": {"action_flag": 2, "action_time": "2011-12-01 18:27:11", "object_repr": "Elizabeth Harris: 2010-2011", "object_id": "29", "change_message": "Changed level.", "user": 1, "content_type": 12}}, {"pk": 119, "model": "admin.logentry", "fields": {"action_flag": 1, "action_time": "2011-12-01 18:26:34", "object_repr": "Ashlee Preletz: 2010-2011", "object_id": "31", "change_message": "", "user": 1, "content_type": 12}}, {"pk": 118, "model": "admin.logentry", "fields": {"action_flag": 1, "action_time": "2011-12-01 18:26:11", "object_repr": "ashlee-preletz", "object_id": "30", "change_message": "", "user": 1, "content_type": 11}}, {"pk": 117, "model": "admin.logentry", "fields": {"action_flag": 1, "action_time": "2011-12-01 18:23:29", "object_repr": "Katie Briggs: 2010-2011", "object_id": "30", "change_message": "", "user": 1, "content_type": 12}}, {"pk": 116, "model": "admin.logentry", "fields": {"action_flag": 1, "action_time": "2011-12-01 18:23:10", "object_repr": "katie-briggs", "object_id": "29", "change_message": "", "user": 1, "content_type": 11}}, {"pk": 115, "model": "admin.logentry", "fields": {"action_flag": 1, "action_time": "2011-12-01 18:22:46", "object_repr": "Elizabeth Harris: 2010-2011", "object_id": "29", "change_message": "", "user": 1, "content_type": 12}}, {"pk": 114, "model": "admin.logentry", "fields": {"action_flag": 1, "action_time": "2011-12-01 18:22:16", "object_repr": "elizabeth-harris", "object_id": "28", "change_message": "", "user": 1, "content_type": 11}}, {"pk": 113, "model": "admin.logentry", "fields": {"action_flag": 1, "action_time": "2011-12-01 18:21:43", "object_repr": "Anna Eberth: 2010-2011", "object_id": "28", "change_message": "", "user": 1, "content_type": 12}}, {"pk": 112, "model": "admin.logentry", "fields": {"action_flag": 1, "action_time": "2011-12-01 18:21:07", "object_repr": "anna-eberth", "object_id": "27", "change_message": "", "user": 1, "content_type": 11}}, {"pk": 111, "model": "admin.logentry", "fields": {"action_flag": 1, "action_time": "2011-12-01 18:17:39", "object_repr": "Katherine McLaughlin: 2010-2011", "object_id": "27", "change_message": "", "user": 1, "content_type": 12}}, {"pk": 110, "model": "admin.logentry", "fields": {"action_flag": 1, "action_time": "2011-12-01 18:17:12", "object_repr": "katherine-mclaughlin", "object_id": "26", "change_message": "", "user": 1, "content_type": 11}}, {"pk": 109, "model": "admin.logentry", "fields": {"action_flag": 1, "action_time": "2011-12-01 17:34:30", "object_repr": "Talissa Sobieski: 2010-2011", "object_id": "26", "change_message": "", "user": 1, "content_type": 12}}, {"pk": 108, "model": "admin.logentry", "fields": {"action_flag": 1, "action_time": "2011-12-01 17:34:13", "object_repr": "talissa-sobieski", "object_id": "25", "change_message": "", "user": 1, "content_type": 11}}, {"pk": 107, "model": "admin.logentry", "fields": {"action_flag": 1, "action_time": "2011-12-01 17:33:24", "object_repr": "Molly McGee: 2010-2011", "object_id": "25", "change_message": "", "user": 1, "content_type": 12}}, {"pk": 106, "model": "admin.logentry", "fields": {"action_flag": 1, "action_time": "2011-12-01 17:32:14", "object_repr": "molly-mcgee", "object_id": "24", "change_message": "", "user": 1, "content_type": 11}}, {"pk": 105, "model": "admin.logentry", "fields": {"action_flag": 1, "action_time": "2011-12-01 17:31:20", "object_repr": "Hayley Dieckmann: 2010-2011", "object_id": "24", "change_message": "", "user": 1, "content_type": 12}}, {"pk": 104, "model": "admin.logentry", "fields": {"action_flag": 1, "action_time": "2011-12-01 17:30:39", "object_repr": "hayley-dieckmann", "object_id": "23", "change_message": "", "user": 1, "content_type": 11}}, {"pk": 103, "model": "admin.logentry", "fields": {"action_flag": 1, "action_time": "2011-12-01 17:05:58", "object_repr": "Jessica Koeppe: 2010-2011", "object_id": "23", "change_message": "", "user": 1, "content_type": 12}}, {"pk": 102, "model": "admin.logentry", "fields": {"action_flag": 1, "action_time": "2011-12-01 17:05:21", "object_repr": "jessica-koeppe", "object_id": "22", "change_message": "", "user": 1, "content_type": 11}}, {"pk": 101, "model": "admin.logentry", "fields": {"action_flag": 1, "action_time": "2011-12-01 17:04:43", "object_repr": "Faye Miller: 2010-2011", "object_id": "22", "change_message": "", "user": 1, "content_type": 12}}, {"pk": 100, "model": "admin.logentry", "fields": {"action_flag": 1, "action_time": "2011-12-01 17:04:13", "object_repr": "faye-miller", "object_id": "21", "change_message": "", "user": 1, "content_type": 11}}, {"pk": 99, "model": "admin.logentry", "fields": {"action_flag": 3, "action_time": "2011-12-01 16:44:47", "object_repr": "Oklahoma Panhandle State University", "object_id": "9", "change_message": "", "user": 1, "content_type": 18}}, {"pk": 98, "model": "admin.logentry", "fields": {"action_flag": 1, "action_time": "2011-12-01 16:42:02", "object_repr": "Katie Hurrell: 2010-2011", "object_id": "21", "change_message": "", "user": 1, "content_type": 12}}, {"pk": 97, "model": "admin.logentry", "fields": {"action_flag": 1, "action_time": "2011-12-01 16:41:30", "object_repr": "katie-hurrell", "object_id": "20", "change_message": "", "user": 1, "content_type": 11}}, {"pk": 96, "model": "admin.logentry", "fields": {"action_flag": 1, "action_time": "2011-12-01 16:41:01", "object_repr": "Elizabeth Webb: 2010-2011", "object_id": "20", "change_message": "", "user": 1, "content_type": 12}}, {"pk": 95, "model": "admin.logentry", "fields": {"action_flag": 1, "action_time": "2011-12-01 16:40:36", "object_repr": "elizabeth-webb", "object_id": "19", "change_message": "", "user": 1, "content_type": 11}}, {"pk": 94, "model": "admin.logentry", "fields": {"action_flag": 1, "action_time": "2011-12-01 16:39:55", "object_repr": "Lynsey Witacre: 2010-2011", "object_id": "19", "change_message": "", "user": 1, "content_type": 12}}, {"pk": 93, "model": "admin.logentry", "fields": {"action_flag": 1, "action_time": "2011-12-01 16:39:27", "object_repr": "lynsey-witacre", "object_id": "18", "change_message": "", "user": 1, "content_type": 11}}, {"pk": 92, "model": "admin.logentry", "fields": {"action_flag": 1, "action_time": "2011-12-01 16:38:54", "object_repr": "Ardelle Buck: 2010-2011", "object_id": "18", "change_message": "", "user": 1, "content_type": 12}}, {"pk": 91, "model": "admin.logentry", "fields": {"action_flag": 1, "action_time": "2011-12-01 16:38:24", "object_repr": "ardelle-buck", "object_id": "17", "change_message": "", "user": 1, "content_type": 11}}, {"pk": 90, "model": "admin.logentry", "fields": {"action_flag": 1, "action_time": "2011-12-01 16:37:52", "object_repr": "Nicole Zuccarello: 2010-2011", "object_id": "17", "change_message": "", "user": 1, "content_type": 12}}, {"pk": 89, "model": "admin.logentry", "fields": {"action_flag": 1, "action_time": "2011-12-01 16:37:22", "object_repr": "nicole-zuccarello", "object_id": "16", "change_message": "", "user": 1, "content_type": 11}}, {"pk": 88, "model": "admin.logentry", "fields": {"action_flag": 2, "action_time": "2011-12-01 16:36:44", "object_repr": "Samantha Cajka: 2010-2011", "object_id": "2", "change_message": "Changed level.", "user": 1, "content_type": 12}}, {"pk": 87, "model": "admin.logentry", "fields": {"action_flag": 1, "action_time": "2011-12-01 16:36:05", "object_repr": "Anna Bohlin: 2010-2011", "object_id": "16", "change_message": "", "user": 1, "content_type": 12}}, {"pk": 86, "model": "admin.logentry", "fields": {"action_flag": 1, "action_time": "2011-12-01 16:35:36", "object_repr": "anna-bohlin", "object_id": "15", "change_message": "", "user": 1, "content_type": 11}}, {"pk": 85, "model": "admin.logentry", "fields": {"action_flag": 1, "action_time": "2011-12-01 16:34:24", "object_repr": "Rachel Kruse: 2010-2011", "object_id": "15", "change_message": "", "user": 1, "content_type": 12}}, {"pk": 84, "model": "admin.logentry", "fields": {"action_flag": 1, "action_time": "2011-12-01 16:33:50", "object_repr": "rachel-kruse", "object_id": "14", "change_message": "", "user": 1, "content_type": 11}}, {"pk": 83, "model": "admin.logentry", "fields": {"action_flag": 2, "action_time": "2011-12-01 16:29:06", "object_repr": "HJ at University of Colorado", "object_id": "8", "change_message": "Changed participating_riders.", "user": 1, "content_type": 16}}, {"pk": 82, "model": "admin.logentry", "fields": {"action_flag": 1, "action_time": "2011-12-01 16:28:33", "object_repr": "HJ at University of Colorado", "object_id": "8", "change_message": "", "user": 1, "content_type": 16}}, {"pk": 81, "model": "admin.logentry", "fields": {"action_flag": 1, "action_time": "2011-12-01 16:28:08", "object_repr": "Kayley Silipo: 2010-2011", "object_id": "14", "change_message": "", "user": 1, "content_type": 12}}, {"pk": 80, "model": "admin.logentry", "fields": {"action_flag": 1, "action_time": "2011-12-01 16:27:35", "object_repr": "kayley-silipo", "object_id": "13", "change_message": "", "user": 1, "content_type": 11}}, {"pk": 79, "model": "admin.logentry", "fields": {"action_flag": 1, "action_time": "2011-12-01 16:26:46", "object_repr": "Jen Burke: 2010-2011", "object_id": "13", "change_message": "", "user": 1, "content_type": 12}}, {"pk": 78, "model": "admin.logentry", "fields": {"action_flag": 1, "action_time": "2011-12-01 16:26:04", "object_repr": "jen-burke", "object_id": "12", "change_message": "", "user": 1, "content_type": 11}}, {"pk": 77, "model": "admin.logentry", "fields": {"action_flag": 1, "action_time": "2011-12-01 16:24:25", "object_repr": "Colorado College", "object_id": "12", "change_message": "", "user": 1, "content_type": 18}}, {"pk": 76, "model": "admin.logentry", "fields": {"action_flag": 1, "action_time": "2011-12-01 16:23:07", "object_repr": "HJ", "object_id": "2", "change_message": "", "user": 1, "content_type": 14}}, {"pk": 75, "model": "admin.logentry", "fields": {"action_flag": 1, "action_time": "2011-12-01 13:14:17", "object_repr": "WR at Nebraska College of Technical Agriculture", "object_id": "7", "change_message": "", "user": 1, "content_type": 16}}, {"pk": 74, "model": "admin.logentry", "fields": {"action_flag": 1, "action_time": "2011-12-01 13:11:52", "object_repr": "Nebraska College of Technical Agriculture", "object_id": "11", "change_message": "", "user": 1, "content_type": 18}}, {"pk": 73, "model": "admin.logentry", "fields": {"action_flag": 1, "action_time": "2011-12-01 12:33:05", "object_repr": "WR at University of Nebraska-Lincoln", "object_id": "6", "change_message": "", "user": 1, "content_type": 16}}, {"pk": 72, "model": "admin.logentry", "fields": {"action_flag": 1, "action_time": "2011-12-01 12:31:29", "object_repr": "Hali Jorgensen: 2010-2011", "object_id": "12", "change_message": "", "user": 1, "content_type": 12}}, {"pk": 71, "model": "admin.logentry", "fields": {"action_flag": 1, "action_time": "2011-12-01 12:31:02", "object_repr": "hali-jorgensen", "object_id": "11", "change_message": "", "user": 1, "content_type": 11}}, {"pk": 70, "model": "admin.logentry", "fields": {"action_flag": 2, "action_time": "2011-12-01 11:31:09", "object_repr": "WR at Laramie County Community College", "object_id": "5", "change_message": "Changed participating_riders.", "user": 1, "content_type": 16}}, {"pk": 69, "model": "admin.logentry", "fields": {"action_flag": 2, "action_time": "2011-12-01 11:03:26", "object_repr": "WR at Laramie County Community College", "object_id": "5", "change_message": "Changed participating_teams.", "user": 1, "content_type": 16}}, {"pk": 68, "model": "admin.logentry", "fields": {"action_flag": 1, "action_time": "2011-11-29 19:35:29", "object_repr": "Kat Hayes: 2010-2011", "object_id": "11", "change_message": "", "user": 1, "content_type": 12}}, {"pk": 67, "model": "admin.logentry", "fields": {"action_flag": 1, "action_time": "2011-11-29 19:35:06", "object_repr": "kat-hayes", "object_id": "10", "change_message": "", "user": 1, "content_type": 11}}, {"pk": 66, "model": "admin.logentry", "fields": {"action_flag": 1, "action_time": "2011-11-29 19:34:40", "object_repr": "Hanna Fancher: 2010-2011", "object_id": "10", "change_message": "", "user": 1, "content_type": 12}}, {"pk": 65, "model": "admin.logentry", "fields": {"action_flag": 1, "action_time": "2011-11-29 19:34:16", "object_repr": "hanna-fancher", "object_id": "9", "change_message": "", "user": 1, "content_type": 11}}, {"pk": 64, "model": "admin.logentry", "fields": {"action_flag": 1, "action_time": "2011-11-29 19:33:14", "object_repr": "Erin Pollard: 2010-2011", "object_id": "9", "change_message": "", "user": 1, "content_type": 12}}, {"pk": 63, "model": "admin.logentry", "fields": {"action_flag": 1, "action_time": "2011-11-29 19:32:34", "object_repr": "erin-pollard", "object_id": "8", "change_message": "", "user": 1, "content_type": 11}}, {"pk": 62, "model": "admin.logentry", "fields": {"action_flag": 1, "action_time": "2011-11-29 19:32:11", "object_repr": "Carolyn Likas: 2010-2011", "object_id": "8", "change_message": "", "user": 1, "content_type": 12}}, {"pk": 61, "model": "admin.logentry", "fields": {"action_flag": 1, "action_time": "2011-11-29 19:31:49", "object_repr": "clikas", "object_id": "7", "change_message": "", "user": 1, "content_type": 11}}, {"pk": 60, "model": "admin.logentry", "fields": {"action_flag": 1, "action_time": "2011-11-29 19:31:04", "object_repr": "Caroline Glidden: 2010-2011", "object_id": "7", "change_message": "", "user": 1, "content_type": 12}}, {"pk": 59, "model": "admin.logentry", "fields": {"action_flag": 1, "action_time": "2011-11-29 19:30:17", "object_repr": "caroline-glidden", "object_id": "6", "change_message": "", "user": 1, "content_type": 11}}, {"pk": 58, "model": "admin.logentry", "fields": {"action_flag": 1, "action_time": "2011-11-29 19:29:52", "object_repr": "Brittany Lloyd: 2010-2011", "object_id": "6", "change_message": "", "user": 1, "content_type": 12}}, {"pk": 57, "model": "admin.logentry", "fields": {"action_flag": 1, "action_time": "2011-11-29 19:29:22", "object_repr": "AL", "object_id": "5", "change_message": "", "user": 1, "content_type": 10}}, {"pk": 56, "model": "admin.logentry", "fields": {"action_flag": 1, "action_time": "2011-11-29 19:29:13", "object_repr": "JR", "object_id": "4", "change_message": "", "user": 1, "content_type": 10}}, {"pk": 55, "model": "admin.logentry", "fields": {"action_flag": 1, "action_time": "2011-11-29 19:29:03", "object_repr": "SO", "object_id": "3", "change_message": "", "user": 1, "content_type": 10}}, {"pk": 54, "model": "admin.logentry", "fields": {"action_flag": 1, "action_time": "2011-11-29 19:28:52", "object_repr": "FR", "object_id": "2", "change_message": "", "user": 1, "content_type": 10}}, {"pk": 53, "model": "admin.logentry", "fields": {"action_flag": 1, "action_time": "2011-11-29 19:28:29", "object_repr": "brittany-lloyd", "object_id": "5", "change_message": "", "user": 1, "content_type": 11}}, {"pk": 52, "model": "admin.logentry", "fields": {"action_flag": 2, "action_time": "2011-11-29 19:21:01", "object_repr": "Intermediate Flat HS", "object_id": "13", "change_message": "Changed level_slug.", "user": 1, "content_type": 9}}, {"pk": 51, "model": "admin.logentry", "fields": {"action_flag": 1, "action_time": "2011-11-29 19:20:39", "object_repr": "Open Fences HS", "object_id": "16", "change_message": "", "user": 1, "content_type": 9}}, {"pk": 50, "model": "admin.logentry", "fields": {"action_flag": 1, "action_time": "2011-11-29 19:20:23", "object_repr": "Open Flat HS", "object_id": "15", "change_message": "", "user": 1, "content_type": 9}}, {"pk": 49, "model": "admin.logentry", "fields": {"action_flag": 1, "action_time": "2011-11-29 19:20:02", "object_repr": "Intermediate Fences HS", "object_id": "14", "change_message": "", "user": 1, "content_type": 9}}, {"pk": 48, "model": "admin.logentry", "fields": {"action_flag": 1, "action_time": "2011-11-29 19:19:42", "object_repr": "Intermediate Flat HS", "object_id": "13", "change_message": "", "user": 1, "content_type": 9}}, {"pk": 47, "model": "admin.logentry", "fields": {"action_flag": 1, "action_time": "2011-11-29 19:19:25", "object_repr": "Novice Fences HS", "object_id": "12", "change_message": "", "user": 1, "content_type": 9}}, {"pk": 46, "model": "admin.logentry", "fields": {"action_flag": 1, "action_time": "2011-11-29 19:19:11", "object_repr": "Novice Flat HS", "object_id": "11", "change_message": "", "user": 1, "content_type": 9}}, {"pk": 45, "model": "admin.logentry", "fields": {"action_flag": 1, "action_time": "2011-11-29 19:18:48", "object_repr": "Advanced Walk Trot Canter HS", "object_id": "10", "change_message": "", "user": 1, "content_type": 9}}, {"pk": 44, "model": "admin.logentry", "fields": {"action_flag": 1, "action_time": "2011-11-29 19:18:29", "object_repr": "Beginner Walk Trot Canter HS", "object_id": "9", "change_message": "", "user": 1, "content_type": 9}}, {"pk": 43, "model": "admin.logentry", "fields": {"action_flag": 1, "action_time": "2011-11-29 19:17:57", "object_repr": "Walk Trot HS", "object_id": "8", "change_message": "", "user": 1, "content_type": 9}}, {"pk": 42, "model": "admin.logentry", "fields": {"action_flag": 1, "action_time": "2011-11-29 19:17:27", "object_repr": "Advanced WR", "object_id": "7", "change_message": "", "user": 1, "content_type": 9}}, {"pk": 41, "model": "admin.logentry", "fields": {"action_flag": 1, "action_time": "2011-11-29 19:17:16", "object_repr": "Novice WR", "object_id": "6", "change_message": "", "user": 1, "content_type": 9}}, {"pk": 40, "model": "admin.logentry", "fields": {"action_flag": 1, "action_time": "2011-11-29 19:17:04", "object_repr": "Intermediate II WR", "object_id": "5", "change_message": "", "user": 1, "content_type": 9}}, {"pk": 39, "model": "admin.logentry", "fields": {"action_flag": 1, "action_time": "2011-11-29 19:16:53", "object_repr": "Intermediate I WR", "object_id": "4", "change_message": "", "user": 1, "content_type": 9}}, {"pk": 38, "model": "admin.logentry", "fields": {"action_flag": 1, "action_time": "2011-11-29 19:16:33", "object_repr": "Walk Trot WR", "object_id": "3", "change_message": "", "user": 1, "content_type": 9}}, {"pk": 37, "model": "admin.logentry", "fields": {"action_flag": 2, "action_time": "2011-11-29 19:15:53", "object_repr": "Open Reining WR", "object_id": "1", "change_message": "Changed level.", "user": 1, "content_type": 9}}, {"pk": 36, "model": "admin.logentry", "fields": {"action_flag": 2, "action_time": "2011-11-29 19:15:42", "object_repr": "Open Horsemanship WR", "object_id": "2", "change_message": "Changed level.", "user": 1, "content_type": 9}}, {"pk": 35, "model": "admin.logentry", "fields": {"action_flag": 2, "action_time": "2011-11-29 19:12:38", "object_repr": "Kelsey Horner: 2010-2011", "object_id": "1", "change_message": "Changed points and level.", "user": 1, "content_type": 12}}, {"pk": 34, "model": "admin.logentry", "fields": {"action_flag": 3, "action_time": "2011-11-29 19:12:25", "object_repr": "Kelsey Horner: 2010-2011", "object_id": "3", "change_message": "", "user": 1, "content_type": 12}}, {"pk": 33, "model": "admin.logentry", "fields": {"action_flag": 2, "action_time": "2011-11-29 19:11:43", "object_repr": "Kelsey Horner: 2010-2011", "object_id": "3", "change_message": "Changed points and level.", "user": 1, "content_type": 12}}, {"pk": 32, "model": "admin.logentry", "fields": {"action_flag": 1, "action_time": "2011-11-29 19:10:52", "object_repr": "WR at Laramie County Community College", "object_id": "5", "change_message": "", "user": 1, "content_type": 16}}, {"pk": 31, "model": "admin.logentry", "fields": {"action_flag": 1, "action_time": "2011-11-29 19:08:55", "object_repr": "WR at Laramie County Community College", "object_id": "4", "change_message": "", "user": 1, "content_type": 16}}, {"pk": 30, "model": "admin.logentry", "fields": {"action_flag": 1, "action_time": "2011-11-29 19:07:46", "object_repr": "Elizabeth Kennedy: 2010-2011", "object_id": "5", "change_message": "", "user": 1, "content_type": 12}}, {"pk": 29, "model": "admin.logentry", "fields": {"action_flag": 1, "action_time": "2011-11-29 19:07:14", "object_repr": "ekennedy", "object_id": "4", "change_message": "", "user": 1, "content_type": 11}}, {"pk": 28, "model": "admin.logentry", "fields": {"action_flag": 1, "action_time": "2011-11-29 19:05:26", "object_repr": "Laramie County Community College", "object_id": "10", "change_message": "", "user": 1, "content_type": 18}}, {"pk": 27, "model": "admin.logentry", "fields": {"action_flag": 1, "action_time": "2011-11-29 19:02:56", "object_repr": "WR at Colby Community College", "object_id": "3", "change_message": "", "user": 1, "content_type": 16}}, {"pk": 26, "model": "admin.logentry", "fields": {"action_flag": 2, "action_time": "2011-11-29 18:59:49", "object_repr": "WR at Colby Community College", "object_id": "2", "change_message": "Changed host_school, location, date, high_point_rider and reserve_team.", "user": 1, "content_type": 16}}, {"pk": 25, "model": "admin.logentry", "fields": {"action_flag": 1, "action_time": "2011-11-29 18:59:08", "object_repr": "Oklahoma Panhandle State University", "object_id": "9", "change_message": "", "user": 1, "content_type": 18}}, {"pk": 24, "model": "admin.logentry", "fields": {"action_flag": 1, "action_time": "2011-11-29 18:58:34", "object_repr": "Alecia Havens: 2010-2011", "object_id": "4", "change_message": "", "user": 1, "content_type": 12}}, {"pk": 23, "model": "admin.logentry", "fields": {"action_flag": 1, "action_time": "2011-11-29 18:58:30", "object_repr": "Open Horsemanship", "object_id": "2", "change_message": "", "user": 1, "content_type": 9}}, {"pk": 22, "model": "admin.logentry", "fields": {"action_flag": 1, "action_time": "2011-11-29 18:57:38", "object_repr": "Oklahoma Panhandle State University", "object_id": "8", "change_message": "", "user": 1, "content_type": 18}}, {"pk": 21, "model": "admin.logentry", "fields": {"action_flag": 1, "action_time": "2011-11-29 18:56:44", "object_repr": "ahavens", "object_id": "3", "change_message": "", "user": 1, "content_type": 11}}, {"pk": 20, "model": "admin.logentry", "fields": {"action_flag": 1, "action_time": "2011-11-29 18:54:48", "object_repr": "Colby Community College", "object_id": "7", "change_message": "", "user": 1, "content_type": 18}}, {"pk": 19, "model": "admin.logentry", "fields": {"action_flag": 1, "action_time": "2011-11-28 18:56:09", "object_repr": "University of Nebraska-Omaha", "object_id": "6", "change_message": "", "user": 1, "content_type": 18}}, {"pk": 18, "model": "admin.logentry", "fields": {"action_flag": 3, "action_time": "2011-11-28 18:37:01", "object_repr": "University of Nebraska-Lincoln", "object_id": "4", "change_message": "", "user": 1, "content_type": 18}}, {"pk": 17, "model": "admin.logentry", "fields": {"action_flag": 3, "action_time": "2011-11-28 18:36:43", "object_repr": "University of Nebraska-Lincoln", "object_id": "2", "change_message": "", "user": 1, "content_type": 18}}, {"pk": 16, "model": "admin.logentry", "fields": {"action_flag": 1, "action_time": "2011-11-22 14:52:24", "object_repr": "WR at University of Colorado", "object_id": "2", "change_message": "", "user": 1, "content_type": 16}}, {"pk": 15, "model": "admin.logentry", "fields": {"action_flag": 1, "action_time": "2011-11-22 14:51:30", "object_repr": "WR at University of Nebraska-Lincoln", "object_id": "1", "change_message": "", "user": 1, "content_type": 16}}, {"pk": 14, "model": "admin.logentry", "fields": {"action_flag": 1, "action_time": "2011-11-22 14:51:24", "object_repr": "Kelsey Horner: 2010-2011", "object_id": "3", "change_message": "", "user": 1, "content_type": 12}}, {"pk": 13, "model": "admin.logentry", "fields": {"action_flag": 1, "action_time": "2011-11-22 14:50:53", "object_repr": "University of Wyoming", "object_id": "5", "change_message": "", "user": 1, "content_type": 18}}, {"pk": 12, "model": "admin.logentry", "fields": {"action_flag": 1, "action_time": "2011-11-22 14:50:37", "object_repr": "University of Nebraska-Lincoln", "object_id": "4", "change_message": "", "user": 1, "content_type": 18}}, {"pk": 11, "model": "admin.logentry", "fields": {"action_flag": 1, "action_time": "2011-11-22 14:50:17", "object_repr": "University of Colorado", "object_id": "3", "change_message": "", "user": 1, "content_type": 18}}, {"pk": 10, "model": "admin.logentry", "fields": {"action_flag": 1, "action_time": "2011-11-22 14:49:59", "object_repr": "University of Nebraska-Lincoln", "object_id": "2", "change_message": "", "user": 1, "content_type": 18}}, {"pk": 9, "model": "admin.logentry", "fields": {"action_flag": 1, "action_time": "2011-11-22 14:49:37", "object_repr": "Samantha Cajka: 2010-2011", "object_id": "2", "change_message": "", "user": 1, "content_type": 12}}, {"pk": 8, "model": "admin.logentry", "fields": {"action_flag": 1, "action_time": "2011-11-22 14:49:20", "object_repr": "Samantha Cajka", "object_id": "2", "change_message": "", "user": 1, "content_type": 11}}, {"pk": 7, "model": "admin.logentry", "fields": {"action_flag": 1, "action_time": "2011-11-22 14:48:51", "object_repr": "Kelsey Horner: 2010-2011", "object_id": "1", "change_message": "", "user": 1, "content_type": 12}}, {"pk": 6, "model": "admin.logentry", "fields": {"action_flag": 1, "action_time": "2011-11-22 14:48:48", "object_repr": "Open Reining", "object_id": "1", "change_message": "", "user": 1, "content_type": 9}}, {"pk": 5, "model": "admin.logentry", "fields": {"action_flag": 1, "action_time": "2011-11-22 14:48:31", "object_repr": "SR", "object_id": "1", "change_message": "", "user": 1, "content_type": 10}}, {"pk": 4, "model": "admin.logentry", "fields": {"action_flag": 1, "action_time": "2011-11-22 14:48:12", "object_repr": "Kelsey Horner", "object_id": "1", "change_message": "", "user": 1, "content_type": 11}}, {"pk": 3, "model": "admin.logentry", "fields": {"action_flag": 1, "action_time": "2011-11-22 14:47:29", "object_repr": "WR", "object_id": "1", "change_message": "", "user": 1, "content_type": 14}}, {"pk": 2, "model": "admin.logentry", "fields": {"action_flag": 1, "action_time": "2011-11-22 14:47:14", "object_repr": "University of Nebraska-Lincoln", "object_id": "1", "change_message": "", "user": 1, "content_type": 18}}, {"pk": 1, "model": "admin.logentry", "fields": {"action_flag": 1, "action_time": "2011-11-22 14:46:55", "object_repr": "2010-2011", "object_id": "1", "change_message": "", "user": 1, "content_type": 17}}, {"pk": 1, "model": "riders.level", "fields": {"level_slug": "open-reining", "level": "Open Reining WR"}}, {"pk": 2, "model": "riders.level", "fields": {"level_slug": "open-horsemanship", "level": "Open Horsemanship WR"}}, {"pk": 3, "model": "riders.level", "fields": {"level_slug": "walk-trot-wr", "level": "Walk Trot WR"}}, {"pk": 4, "model": "riders.level", "fields": {"level_slug": "intermediate-i-wr", "level": "Intermediate I WR"}}, {"pk": 5, "model": "riders.level", "fields": {"level_slug": "intermediate-i-wr", "level": "Intermediate II WR"}}, {"pk": 6, "model": "riders.level", "fields": {"level_slug": "novice-wr", "level": "Novice WR"}}, {"pk": 7, "model": "riders.level", "fields": {"level_slug": "advanced-wr", "level": "Advanced WR"}}, {"pk": 8, "model": "riders.level", "fields": {"level_slug": "walk-trot-hs", "level": "Walk Trot HS"}}, {"pk": 9, "model": "riders.level", "fields": {"level_slug": "beginner-wtc-hs", "level": "Beginner Walk Trot Canter HS"}}, {"pk": 10, "model": "riders.level", "fields": {"level_slug": "advanced-wtc-hs", "level": "Advanced Walk Trot Canter HS"}}, {"pk": 11, "model": "riders.level", "fields": {"level_slug": "novice-flat-hs", "level": "Novice Flat HS"}}, {"pk": 12, "model": "riders.level", "fields": {"level_slug": "novice-fences-hs", "level": "Novice Fences HS"}}, {"pk": 13, "model": "riders.level", "fields": {"level_slug": "intermediate-flat-hs", "level": "Intermediate Flat HS"}}, {"pk": 14, "model": "riders.level", "fields": {"level_slug": "intermediate-fences-hs", "level": "Intermediate Fences HS"}}, {"pk": 15, "model": "riders.level", "fields": {"level_slug": "open-flat-hs", "level": "Open Flat HS"}}, {"pk": 16, "model": "riders.level", "fields": {"level_slug": "open-fences-hs", "level": "Open Fences HS"}}, {"pk": 1, "model": "riders.year", "fields": {"year": "SR"}}, {"pk": 2, "model": "riders.year", "fields": {"year": "FR"}}, {"pk": 3, "model": "riders.year", "fields": {"year": "SO"}}, {"pk": 4, "model": "riders.year", "fields": {"year": "JR"}}, {"pk": 5, "model": "riders.year", "fields": {"year": "AL"}}, {"pk": 1, "model": "riders.rider", "fields": {"hometown": "Lincoln, NE", "name_slug": "kelsey-horner", "name": "Kelsey Horner"}}, {"pk": 2, "model": "riders.rider", "fields": {"hometown": "Lincoln, NE", "name_slug": "scajka", "name": "Samantha Cajka"}}, {"pk": 3, "model": "riders.rider", "fields": {"hometown": "Oklahoma City, OK", "name_slug": "ahavens", "name": "Alecia Havens"}}, {"pk": 4, "model": "riders.rider", "fields": {"hometown": "Colby, KS", "name_slug": "ekennedy", "name": "Elizabeth Kennedy"}}, {"pk": 5, "model": "riders.rider", "fields": {"hometown": "Boulder, Colorado", "name_slug": "brittany-lloyd", "name": "Brittany Lloyd"}}, {"pk": 6, "model": "riders.rider", "fields": {"hometown": "Boulder, Colorado", "name_slug": "caroline-glidden", "name": "Caroline Glidden"}}, {"pk": 7, "model": "riders.rider", "fields": {"hometown": "Boulder, Colorado", "name_slug": "clikas", "name": "Carolyn Likas"}}, {"pk": 8, "model": "riders.rider", "fields": {"hometown": "Boulder, Colorado", "name_slug": "erin-pollard", "name": "Erin Pollard"}}, {"pk": 9, "model": "riders.rider", "fields": {"hometown": "Boulder, Colorado", "name_slug": "hanna-fancher", "name": "Hanna Fancher"}}, {"pk": 10, "model": "riders.rider", "fields": {"hometown": "Boulder, Colorado", "name_slug": "kat-hayes", "name": "Kat Hayes"}}, {"pk": 11, "model": "riders.rider", "fields": {"hometown": "Lincoln, NE", "name_slug": "hali-jorgensen", "name": "Hali Jorgensen"}}, {"pk": 12, "model": "riders.rider", "fields": {"hometown": "Denver, CO", "name_slug": "jen-burke", "name": "Jen Burke"}}, {"pk": 13, "model": "riders.rider", "fields": {"hometown": "Boulder, CO", "name_slug": "kayley-silipo", "name": "Kayley Silipo"}}, {"pk": 14, "model": "riders.rider", "fields": {"hometown": "Colby, KS", "name_slug": "rachel-kruse", "name": "Rachel Kruse"}}, {"pk": 15, "model": "riders.rider", "fields": {"hometown": "Longmont, CO", "name_slug": "anna-bohlin", "name": "Anna Bohlin"}}, {"pk": 16, "model": "riders.rider", "fields": {"hometown": "Boulder, CO", "name_slug": "nicole-zuccarello", "name": "Nicole Zuccarello"}}, {"pk": 17, "model": "riders.rider", "fields": {"hometown": "Lincoln, NE", "name_slug": "ardelle-buck", "name": "Ardelle Buck"}}, {"pk": 18, "model": "riders.rider", "fields": {"hometown": "Omaha, NE", "name_slug": "lynsey-witacre", "name": "Lynsey Witacre"}}, {"pk": 19, "model": "riders.rider", "fields": {"hometown": "Cheyenne, WY", "name_slug": "elizabeth-webb", "name": "Elizabeth Webb"}}, {"pk": 20, "model": "riders.rider", "fields": {"hometown": "Cheyenne, WY", "name_slug": "katie-hurrell", "name": "Katie Hurrell"}}, {"pk": 21, "model": "riders.rider", "fields": {"hometown": "Colby, KS", "name_slug": "faye-miller", "name": "Faye Miller"}}, {"pk": 22, "model": "riders.rider", "fields": {"hometown": "Colby, KS", "name_slug": "jessica-koeppe", "name": "Jessica Koeppe"}}, {"pk": 23, "model": "riders.rider", "fields": {"hometown": "Colorado Springs, CO", "name_slug": "hayley-dieckmann", "name": "Hayley Dieckmann"}}, {"pk": 24, "model": "riders.rider", "fields": {"hometown": "Colorado Springs, CO", "name_slug": "molly-mcgee", "name": "Molly McGee"}}, {"pk": 25, "model": "riders.rider", "fields": {"hometown": "Colorado Springs, CO", "name_slug": "talissa-sobieski", "name": "Talissa Sobieski"}}, {"pk": 26, "model": "riders.rider", "fields": {"hometown": "Colorado Springs, CO", "name_slug": "katherine-mclaughlin", "name": "Katherine McLaughlin"}}, {"pk": 27, "model": "riders.rider", "fields": {"hometown": "Cheyenne, WY", "name_slug": "anna-eberth", "name": "Anna Eberth"}}, {"pk": 28, "model": "riders.rider", "fields": {"hometown": "Cheyenne, WY", "name_slug": "elizabeth-harris", "name": "Elizabeth Harris"}}, {"pk": 29, "model": "riders.rider", "fields": {"hometown": "Cheyenne, WY", "name_slug": "katie-briggs", "name": "Katie Briggs"}}, {"pk": 30, "model": "riders.rider", "fields": {"hometown": "Cheyenne, WY", "name_slug": "ashlee-preletz", "name": "Ashlee Preletz"}}, {"pk": 31, "model": "riders.rider", "fields": {"hometown": "Cheyenne, WY", "name_slug": "natalie-fry", "name": "Natalie Fry"}}, {"pk": 32, "model": "riders.rider", "fields": {"hometown": "Curtis, NE", "name_slug": "jessica-schultz", "name": "Jessica Schultz"}}, {"pk": 33, "model": "riders.rider", "fields": {"hometown": "Curtis, NE", "name_slug": "brian-kuntz", "name": "Brian Kuntz"}}, {"pk": 34, "model": "riders.rider", "fields": {"hometown": "Curtis, NE", "name_slug": "michelle-bruce", "name": "Michelle Bruce"}}, {"pk": 35, "model": "riders.rider", "fields": {"hometown": "Curtis, NE", "name_slug": "maria-tuma", "name": "Maria Tuma"}}, {"pk": 36, "model": "riders.rider", "fields": {"hometown": "Oklahoma City, OK", "name_slug": "caitlyn-valdez", "name": "Caitlyn Valdez"}}, {"pk": 37, "model": "riders.rider", "fields": {"hometown": "Oklahoma City, OK", "name_slug": "emily-bartel", "name": "Emily Bartel"}}, {"pk": 38, "model": "riders.rider", "fields": {"hometown": "Oklahoma City, OK", "name_slug": "jacob-nelson", "name": "Jacob Nelson"}}, {"pk": 39, "model": "riders.rider", "fields": {"hometown": "Omaha, NE", "name_slug": "rachel-dunetts", "name": "Rachel Dunetts"}}, {"pk": 40, "model": "riders.rider", "fields": {"hometown": "Omaha, NE", "name_slug": "sarah-ehlers", "name": "Sarah Ehlers"}}, {"pk": 41, "model": "riders.rider", "fields": {"hometown": "Omaha, NE", "name_slug": "kristen-hamer", "name": "Kristen Hamer"}}, {"pk": 42, "model": "riders.rider", "fields": {"hometown": "Omaha, NE", "name_slug": "sarah-lehn", "name": "Sarah Lehn"}}, {"pk": 43, "model": "riders.rider", "fields": {"hometown": "Laramie, WY", "name_slug": "mccabe-jones", "name": "McCabe Jones"}}, {"pk": 44, "model": "riders.rider", "fields": {"hometown": "Laramie, WY", "name_slug": "jana-marquard", "name": "Jana Marquard"}}, {"pk": 1, "model": "riders.riderseason", "fields": {"school": 1, "level": [1, 2], "season": 1, "points": 100, "year": 1, "rider": 1}}, {"pk": 2, "model": "riders.riderseason", "fields": {"school": 1, "level": [1, 2, 15, 16], "season": 1, "points": 20, "year": 1, "rider": 2}}, {"pk": 4, "model": "riders.riderseason", "fields": {"school": 8, "level": [1, 2], "season": 1, "points": 73, "year": 1, "rider": 3}}, {"pk": 5, "model": "riders.riderseason", "fields": {"school": 7, "level": [1, 2], "season": 1, "points": 62, "year": 1, "rider": 4}}, {"pk": 6, "model": "riders.riderseason", "fields": {"school": 3, "level": [6], "season": 1, "points": 24, "year": 2, "rider": 5}}, {"pk": 7, "model": "riders.riderseason", "fields": {"school": 3, "level": [6], "season": 1, "points": 5, "year": 2, "rider": 6}}, {"pk": 8, "model": "riders.riderseason", "fields": {"school": 3, "level": [1, 2], "season": 1, "points": 26, "year": 1, "rider": 7}}, {"pk": 9, "model": "riders.riderseason", "fields": {"school": 3, "level": [5], "season": 1, "points": 29, "year": 3, "rider": 8}}, {"pk": 10, "model": "riders.riderseason", "fields": {"school": 3, "level": [6], "season": 1, "points": 7, "year": 3, "rider": 9}}, {"pk": 11, "model": "riders.riderseason", "fields": {"school": 3, "level": [6], "season": 1, "points": 4, "year": 4, "rider": 10}}, {"pk": 12, "model": "riders.riderseason", "fields": {"school": 1, "level": [1, 2], "season": 1, "points": 45, "year": 4, "rider": 11}}, {"pk": 13, "model": "riders.riderseason", "fields": {"school": 3, "level": [15, 16], "season": 1, "points": 76, "year": 1, "rider": 12}}, {"pk": 14, "model": "riders.riderseason", "fields": {"school": 3, "level": [15, 16], "season": 1, "points": 55, "year": 4, "rider": 13}}, {"pk": 15, "model": "riders.riderseason", "fields": {"school": 7, "level": [1, 2], "season": 1, "points": 45, "year": 4, "rider": 14}}, {"pk": 16, "model": "riders.riderseason", "fields": {"school": 3, "level": [15, 16], "season": 1, "points": 30, "year": 1, "rider": 15}}, {"pk": 17, "model": "riders.riderseason", "fields": {"school": 3, "level": [15, 16], "season": 1, "points": 27, "year": 4, "rider": 16}}, {"pk": 18, "model": "riders.riderseason", "fields": {"school": 1, "level": [15, 16], "season": 1, "points": 12, "year": 3, "rider": 17}}, {"pk": 19, "model": "riders.riderseason", "fields": {"school": 1, "level": [15, 16], "season": 1, "points": 65, "year": 4, "rider": 18}}, {"pk": 20, "model": "riders.riderseason", "fields": {"school": 5, "level": [15, 16], "season": 1, "points": 49, "year": 3, "rider": 19}}, {"pk": 21, "model": "riders.riderseason", "fields": {"school": 5, "level": [15, 16], "season": 1, "points": 76, "year": 1, "rider": 20}}, {"pk": 22, "model": "riders.riderseason", "fields": {"school": 7, "level": [11], "season": 1, "points": 12, "year": 2, "rider": 21}}, {"pk": 23, "model": "riders.riderseason", "fields": {"school": 7, "level": [10], "season": 1, "points": 26, "year": 2, "rider": 22}}, {"pk": 24, "model": "riders.riderseason", "fields": {"school": 12, "level": [11, 12], "season": 1, "points": 34, "year": 3, "rider": 23}}, {"pk": 25, "model": "riders.riderseason", "fields": {"school": 12, "level": [8], "season": 1, "points": 9, "year": 2, "rider": 24}}, {"pk": 26, "model": "riders.riderseason", "fields": {"school": 12, "level": [10], "season": 1, "points": 19, "year": 3, "rider": 25}}, {"pk": 27, "model": "riders.riderseason", "fields": {"school": 12, "level": [9], "season": 1, "points": 19, "year": 2, "rider": 26}}, {"pk": 28, "model": "riders.riderseason", "fields": {"school": 10, "level": [4], "season": 1, "points": 13, "year": 3, "rider": 27}}, {"pk": 29, "model": "riders.riderseason", "fields": {"school": 10, "level": [2, 11], "season": 1, "points": 17, "year": 1, "rider": 28}}, {"pk": 30, "model": "riders.riderseason", "fields": {"school": 10, "level": [3], "season": 1, "points": 20, "year": 2, "rider": 29}}, {"pk": 31, "model": "riders.riderseason", "fields": {"school": 10, "level": [11, 12], "season": 1, "points": 5, "year": 3, "rider": 30}}, {"pk": 32, "model": "riders.riderseason", "fields": {"school": 10, "level": [10], "season": 1, "points": 21, "year": 2, "rider": 31}}, {"pk": 33, "model": "riders.riderseason", "fields": {"school": 11, "level": [3, 8], "season": 1, "points": 16, "year": 3, "rider": 32}}, {"pk": 34, "model": "riders.riderseason", "fields": {"school": 11, "level": [5, 10], "season": 1, "points": 9, "year": 2, "rider": 33}}, {"pk": 35, "model": "riders.riderseason", "fields": {"school": 11, "level": [7, 14, 15], "season": 1, "points": 2, "year": 1, "rider": 34}}, {"pk": 36, "model": "riders.riderseason", "fields": {"school": 11, "level": [6, 10], "season": 1, "points": 15, "year": 3, "rider": 35}}, {"pk": 37, "model": "riders.riderseason", "fields": {"school": 8, "level": [5], "season": 1, "points": 3, "year": 3, "rider": 36}}, {"pk": 38, "model": "riders.riderseason", "fields": {"school": 8, "level": [3], "season": 1, "points": 9, "year": 2, "rider": 37}}, {"pk": 39, "model": "riders.riderseason", "fields": {"school": 8, "level": [3], "season": 1, "points": 17, "year": 2, "rider": 38}}, {"pk": 40, "model": "riders.riderseason", "fields": {"school": 6, "level": [13, 14], "season": 1, "points": 6, "year": 3, "rider": 39}}, {"pk": 41, "model": "riders.riderseason", "fields": {"school": 6, "level": [11, 12], "season": 1, "points": 4, "year": 1, "rider": 40}}, {"pk": 42, "model": "riders.riderseason", "fields": {"school": 6, "level": [5], "season": 1, "points": 20, "year": 4, "rider": 41}}, {"pk": 43, "model": "riders.riderseason", "fields": {"school": 6, "level": [1, 2], "season": 1, "points": 49, "year": 1, "rider": 42}}, {"pk": 44, "model": "riders.riderseason", "fields": {"school": 5, "level": [1, 2, 12, 13], "season": 1, "points": 75, "year": 4, "rider": 43}}, {"pk": 45, "model": "riders.riderseason", "fields": {"school": 5, "level": [4], "season": 1, "points": 7, "year": 2, "rider": 44}}, {"pk": 1, "model": "events.eventtype", "fields": {"event_type": "WR"}}, {"pk": 2, "model": "events.eventtype", "fields": {"event_type": "HJ"}}, {"pk": 3, "model": "events.event", "fields": {"participating_teams": [], "high_point_team": 1, "event_type": 1, "participating_riders": [], "reserve_team": 7, "season": 1, "host_school": 7, "reserve_rider": 1, "location": "Colby, KS", "high_point_rider": 4, "photo": null, "date": "2009-10-17 08:00:00"}}, {"pk": 4, "model": "events.event", "fields": {"participating_teams": [], "high_point_team": 1, "event_type": 1, "participating_riders": [], "reserve_team": 10, "season": 1, "host_school": 10, "reserve_rider": 5, "location": "Cheyenne, WY", "high_point_rider": 2, "photo": null, "date": "2010-11-06 08:00:00"}}, {"pk": 5, "model": "events.event", "fields": {"participating_teams": [1, 3, 5, 6], "high_point_team": 1, "event_type": 1, "participating_riders": [1, 2, 4, 5, 6, 7, 8, 9, 10, 11], "reserve_team": 10, "season": 1, "host_school": 10, "reserve_rider": 2, "location": "Cheyenne, WY", "high_point_rider": 4, "photo": null, "date": "2010-11-07 08:00:00"}}, {"pk": 6, "model": "events.event", "fields": {"participating_teams": [1, 3, 5, 6, 7, 8, 10], "high_point_team": 10, "event_type": 1, "participating_riders": [1, 2, 4, 5, 6, 7, 8, 9, 10, 11], "reserve_team": 1, "season": 1, "host_school": 1, "reserve_rider": 12, "location": "Lincoln, NE", "high_point_rider": 1, "photo": null, "date": "2010-11-20 08:00:00"}}, {"pk": 7, "model": "events.event", "fields": {"participating_teams": [1, 3, 5, 6, 7, 8, 10], "high_point_team": 1, "event_type": 1, "participating_riders": [1, 2, 4, 5, 6, 7, 8, 9, 10, 11, 12], "reserve_team": 10, "season": 1, "host_school": 11, "reserve_rider": 8, "location": "Curtis, NE", "high_point_rider": 4, "photo": null, "date": "2011-02-12 08:00:00"}}, {"pk": 8, "model": "events.event", "fields": {"participating_teams": [1, 3, 5, 6, 7, 10, 11, 12], "high_point_team": 3, "event_type": 2, "participating_riders": [1, 2, 4, 13, 14], "reserve_team": 5, "season": 1, "host_school": 3, "reserve_rider": 14, "location": "Longmont, CO", "high_point_rider": 13, "photo": null, "date": "2010-10-01 08:00:00"}}, {"pk": 1, "model": "schools.season", "fields": {"season_name_slug": "2010-2011", "season_name": "2010-2011"}}, {"pk": 1, "model": "schools.school", "fields": {"school": "University of Nebraska-Lincoln", "school_abbreviation": "UNL", "school_slug": "unl"}}, {"pk": 3, "model": "schools.school", "fields": {"school": "University of Colorado", "school_abbreviation": "UC", "school_slug": "uc"}}, {"pk": 5, "model": "schools.school", "fields": {"school": "University of Wyoming", "school_abbreviation": "UW", "school_slug": "uw"}}, {"pk": 6, "model": "schools.school", "fields": {"school": "University of Nebraska-Omaha", "school_abbreviation": "UNO", "school_slug": "uno"}}, {"pk": 7, "model": "schools.school", "fields": {"school": "Colby Community College", "school_abbreviation": "CCC", "school_slug": "ccc"}}, {"pk": 8, "model": "schools.school", "fields": {"school": "Oklahoma Panhandle State University", "school_abbreviation": "OPSU", "school_slug": "opsu"}}, {"pk": 10, "model": "schools.school", "fields": {"school": "Laramie County Community College", "school_abbreviation": "LCCC", "school_slug": "lccc"}}, {"pk": 11, "model": "schools.school", "fields": {"school": "Nebraska College of Technical Agriculture", "school_abbreviation": "NCTA", "school_slug": "ncta"}}, {"pk": 12, "model": "schools.school", "fields": {"school": "Colorado College", "school_abbreviation": "CC", "school_slug": "cc"}}, {"pk": 22, "model": "auth.permission", "fields": {"codename": "add_logentry", "name": "Can add log entry", "content_type": 8}}, {"pk": 23, "model": "auth.permission", "fields": {"codename": "change_logentry", "name": "Can change log entry", "content_type": 8}}, {"pk": 24, "model": "auth.permission", "fields": {"codename": "delete_logentry", "name": "Can delete log entry", "content_type": 8}}, {"pk": 4, "model": "auth.permission", "fields": {"codename": "add_group", "name": "Can add group", "content_type": 2}}, {"pk": 5, "model": "auth.permission", "fields": {"codename": "change_group", "name": "Can change group", "content_type": 2}}, {"pk": 6, "model": "auth.permission", "fields": {"codename": "delete_group", "name": "Can delete group", "content_type": 2}}, {"pk": 10, "model": "auth.permission", "fields": {"codename": "add_message", "name": "Can add message", "content_type": 4}}, {"pk": 11, "model": "auth.permission", "fields": {"codename": "change_message", "name": "Can change message", "content_type": 4}}, {"pk": 12, "model": "auth.permission", "fields": {"codename": "delete_message", "name": "Can delete message", "content_type": 4}}, {"pk": 1, "model": "auth.permission", "fields": {"codename": "add_permission", "name": "Can add permission", "content_type": 1}}, {"pk": 2, "model": "auth.permission", "fields": {"codename": "change_permission", "name": "Can change permission", "content_type": 1}}, {"pk": 3, "model": "auth.permission", "fields": {"codename": "delete_permission", "name": "Can delete permission", "content_type": 1}}, {"pk": 7, "model": "auth.permission", "fields": {"codename": "add_user", "name": "Can add user", "content_type": 3}}, {"pk": 8, "model": "auth.permission", "fields": {"codename": "change_user", "name": "Can change user", "content_type": 3}}, {"pk": 9, "model": "auth.permission", "fields": {"codename": "delete_user", "name": "Can delete user", "content_type": 3}}, {"pk": 13, "model": "auth.permission", "fields": {"codename": "add_contenttype", "name": "Can add content type", "content_type": 5}}, {"pk": 14, "model": "auth.permission", "fields": {"codename": "change_contenttype", "name": "Can change content type", "content_type": 5}}, {"pk": 15, "model": "auth.permission", "fields": {"codename": "delete_contenttype", "name": "Can delete content type", "content_type": 5}}, {"pk": 46, "model": "auth.permission", "fields": {"codename": "add_event", "name": "Can add event", "content_type": 16}}, {"pk": 47, "model": "auth.permission", "fields": {"codename": "change_event", "name": "Can change event", "content_type": 16}}, {"pk": 48, "model": "auth.permission", "fields": {"codename": "delete_event", "name": "Can delete event", "content_type": 16}}, {"pk": 40, "model": "auth.permission", "fields": {"codename": "add_eventtype", "name": "Can add event type", "content_type": 14}}, {"pk": 41, "model": "auth.permission", "fields": {"codename": "change_eventtype", "name": "Can change event type", "content_type": 14}}, {"pk": 42, "model": "auth.permission", "fields": {"codename": "delete_eventtype", "name": "Can delete event type", "content_type": 14}}, {"pk": 43, "model": "auth.permission", "fields": {"codename": "add_photo", "name": "Can add photo", "content_type": 15}}, {"pk": 44, "model": "auth.permission", "fields": {"codename": "change_photo", "name": "Can change photo", "content_type": 15}}, {"pk": 45, "model": "auth.permission", "fields": {"codename": "delete_photo", "name": "Can delete photo", "content_type": 15}}, {"pk": 25, "model": "auth.permission", "fields": {"codename": "add_level", "name": "Can add level", "content_type": 9}}, {"pk": 26, "model": "auth.permission", "fields": {"codename": "change_level", "name": "Can change level", "content_type": 9}}, {"pk": 27, "model": "auth.permission", "fields": {"codename": "delete_level", "name": "Can delete level", "content_type": 9}}, {"pk": 37, "model": "auth.permission", "fields": {"codename": "add_photo", "name": "Can add photo", "content_type": 13}}, {"pk": 38, "model": "auth.permission", "fields": {"codename": "change_photo", "name": "Can change photo", "content_type": 13}}, {"pk": 39, "model": "auth.permission", "fields": {"codename": "delete_photo", "name": "Can delete photo", "content_type": 13}}, {"pk": 31, "model": "auth.permission", "fields": {"codename": "add_rider", "name": "Can add rider", "content_type": 11}}, {"pk": 32, "model": "auth.permission", "fields": {"codename": "change_rider", "name": "Can change rider", "content_type": 11}}, {"pk": 33, "model": "auth.permission", "fields": {"codename": "delete_rider", "name": "Can delete rider", "content_type": 11}}, {"pk": 34, "model": "auth.permission", "fields": {"codename": "add_riderseason", "name": "Can add rider season", "content_type": 12}}, {"pk": 35, "model": "auth.permission", "fields": {"codename": "change_riderseason", "name": "Can change rider season", "content_type": 12}}, {"pk": 36, "model": "auth.permission", "fields": {"codename": "delete_riderseason", "name": "Can delete rider season", "content_type": 12}}, {"pk": 28, "model": "auth.permission", "fields": {"codename": "add_year", "name": "Can add year", "content_type": 10}}, {"pk": 29, "model": "auth.permission", "fields": {"codename": "change_year", "name": "Can change year", "content_type": 10}}, {"pk": 30, "model": "auth.permission", "fields": {"codename": "delete_year", "name": "Can delete year", "content_type": 10}}, {"pk": 52, "model": "auth.permission", "fields": {"codename": "add_school", "name": "Can add school", "content_type": 18}}, {"pk": 53, "model": "auth.permission", "fields": {"codename": "change_school", "name": "Can change school", "content_type": 18}}, {"pk": 54, "model": "auth.permission", "fields": {"codename": "delete_school", "name": "Can delete school", "content_type": 18}}, {"pk": 49, "model": "auth.permission", "fields": {"codename": "add_season", "name": "Can add season", "content_type": 17}}, {"pk": 50, "model": "auth.permission", "fields": {"codename": "change_season", "name": "Can change season", "content_type": 17}}, {"pk": 51, "model": "auth.permission", "fields": {"codename": "delete_season", "name": "Can delete season", "content_type": 17}}, {"pk": 16, "model": "auth.permission", "fields": {"codename": "add_session", "name": "Can add session", "content_type": 6}}, {"pk": 17, "model": "auth.permission", "fields": {"codename": "change_session", "name": "Can change session", "content_type": 6}}, {"pk": 18, "model": "auth.permission", "fields": {"codename": "delete_session", "name": "Can delete session", "content_type": 6}}, {"pk": 19, "model": "auth.permission", "fields": {"codename": "add_site", "name": "Can add site", "content_type": 7}}, {"pk": 20, "model": "auth.permission", "fields": {"codename": "change_site", "name": "Can change site", "content_type": 7}}, {"pk": 21, "model": "auth.permission", "fields": {"codename": "delete_site", "name": "Can delete site", "content_type": 7}}, {"pk": 1, "model": "auth.user", "fields": {"username": "mbrincks", "first_name": "", "last_name": "", "is_active": true, "is_superuser": true, "is_staff": true, "last_login": "2011-11-22 14:46:16", "groups": [], "user_permissions": [], "password": "sha1$69f56$a89cbc9cb70be57b66d184f4cb39222f25371b71", "email": "megan_brincks@hotmail.com", "date_joined": "2011-11-22 14:45:18"}}]